Name,Phone Number,Address,Website,Maps Link
":----------------------------------",":--------------",":-------------------------------------------------------------------",":------",""
"The Penthouse by Marina","0970 127 7887","Balaring, Boac, 4900 Marinduque, Philippines","N/A",""
"Kusina sa Plaza","(042) 332 1699","Mercader St, Boac, Marinduque, Philippines","N/A",""
"Casa De Don Emilio","0918 533 0339","CRXR+63C, Mercader St, Boac, Marinduque, Philippines","N/A",""
"10 y.o. Cafe","0917 829 8880","Boac, Marinduque, Philippines","N/A",""
"Eomma's K-Grill Samgyupsal House","N/A","Brgy, Balaring, Boac, 4900 Marinduque, Philippines","N/A",""
"Dyke Foodpark","N/A","Tabi, Boac, 4900 Marinduque, Philippines","N/A",""
"Porknok Grill","N/A","022 Boac - Gasan - Torrijos Rd, Boac, Marinduque, Philippines","N/A",""
"Curba Grill","0915 691 5100","1 de Noviembre Street, Boac, Marinduque, Philippines","N/A",""
"Bricks & Coals","0917 727 4257","CR9C+JVG, Boac, 4900 Marinduque, Philippines","N/A",""
"DAYO","0961 317 5314","FR8G+FMQ, Balogo Barangay Rd, Boac, Marinduque, Philippines","N/A",""
"Cafe Ma Mita Restaurant","N/A","CRXR+97R, Boac, Marinduque, Philippines","N/A",""
"Goodchow Food Express","(042) 754 0003","CRXR+53X, Lardizabal Street, Brgy, Boac, 4900 Marinduque, Philippines","N/A",""
"Zmoke","N/A","CRVH+VPJ, Boac - Gasan - Torrijos Rd, Boac, Marinduque, Philippines","N/A",""
"Marin Brew Cafe","0962 620 9935","Purok Narra 2 Magsaysay Rd, Tanza, Boac, 4900 Marinduque, Philippines","N/A",""
"BellyBelles Coffee - Boac","N/A","National Highway, Bangbangalon, Boac, 4900 Marinduque, Philippines","N/A",""
"Cafe Benevolo Boac","0969 250 2932","46 Nepomuceno St, Brgy. Murallon, Boac, 4900 Marinduque, Philippines","N/A",""
"Cafe Benevolo Bangbangalon","0962 410 8501","Brgy, Boac, 4900 Marinduque, Philippines","N/A",""
"sa bundok","0956 159 5692","sa bundok, Santol Rd, Boac, 4900 Marinduque, Philippines","N/A",""
"Boac Cafe","(042) 332 1121","Boac, Marinduque, Philippines","N/A",""
"Sip Ur Happiness Cafe","N/A","Zone 2, Tabi, Boac, 4900 Marinduque, Philippines","N/A",""
"Chinggay’s","0927 215 8899","Nepomuceno corner, Lardizabal Street, Boac, 4900 Marinduque, Philippines","N/A",""
"Doughboys Cafe and Bakeshop","(042) 332 3055","Brgy Del Mundo St, Poblacion, Boac, 4900 Marinduque, Philippines","N/A",""
"Duo Brew - Canovas St., Isok 1 Boac Branch","0905 314 8253","Stall 1 Canovas, Boac, 4900 Marinduque, Philippines","N/A",""
"Blossoms & Brews","0963 795 4911","Barangay, Deogracias St, Boac, 4900 Marinduque, Philippines","N/A",""
"1015 Foodhouse","0977 233 2226","Purok Tanguigi, Boac, 4900 Marinduque, Philippines","N/A",""
"Siomai King Food Cart Marinduque","7545436","GT 168 Mall Brgy, CRWH+8R5, Purok 5 Santol, Boac, 4900 Marinduque, Philippines","N/A",""
"Food vendor","0927 036 3273","Malusak, Boac, 4900 Marinduque, Philippines","N/A",""
"Marinduque Food Center and Restaurant","0918 349 2601","CRXR+834, Lordizabal Street, Boac, Marinduque, Philippines","N/A",""
"Boac Food Corner (BFC Restaurant)","0916 435 8799","Boac, Marinduque, Philippines","N/A",""
"D TREEHOUSE FOOD PARK","N/A","FR3V+H58, Boac, Marinduque, Philippines","N/A",""
"Cravings Food and Refreshment Hub","0946 563 7894","Capala, Laylay, Boac, 4900 Marinduque, Philippines","N/A",""
"Villa Negro Cafe'","Check Map Link","Boac, Marinduque","N/A","https://maps.google.com/?cid=6506910510398925613"
"Luxor Resort","Check Map Link","Boac, Marinduque","N/A","https://maps.google.com/?cid=13265268084549336033"
"Poblacion Pares","Check Map Link","Boac, Marinduque","N/A","https://maps.google.com/?cid=5546690474066634454"
"Balar Hotel and Spa","Check Map Link","Boac, Marinduque","N/A","https://maps.google.com/?cid=7194322702510465361"
"Adis Resort Hotel and Restaurant","Check Map Link","Boac, Marinduque","N/A","https://maps.google.com/?cid=12622209333217455146"
"Tanawin Cafe & Glamping","Check Map Link","Boac, Marinduque","N/A","https://maps.google.com/?cid=8726517666269503102"
"Bethany Café","Check Map Link","Boac, Marinduque","N/A","https://maps.google.com/?cid=77639103383246891"
"Doña Aurora Café De tous les jours","Check Map Link","Boac, Marinduque","N/A","https://maps.google.com/?cid=1474607423442341585"
"Brewista Coffee PH","Check Map Link","Boac, Marinduque","N/A","https://maps.google.com/?cid=13325684536464595546"
"Boac Expo","Check Map Link","Boac, Marinduque","N/A","https://maps.google.com/?cid=14047107528252032574"
"Boac Public Market","Check Map Link","Boac, Marinduque","N/A","https://maps.google.com/?cid=12387061770909572785"
"Marina Marinduque Hotel and Resort","0960 586 1545","Balaring Beach Side, Boac, 4900 Marinduque, Philippines","N/A",""
"Hotel Marinduque","0949 688 5036","Pamintuan St, Isok1, Boac, 4900 Marinduque, Philippines","N/A",""
"Nine Balconies Island stay","0928 517 2593","Nepomuceno St, Boac, 4900 Marinduque, Philippines","N/A",""
"Casita Agnes Private Resort","N/A","CRM9+QP6, Sitio Capala, Barangay Laylay, Boac, Marinduque, Philippines","N/A",""
"Hotel Zenturia","0917 305 2689","2-14, 2 Magsaysay Rd, Boac, Marinduque, Philippines","N/A",""
"Tahanan sa Isok","(042) 332 1231","5 Canovas Street, CRWR+MMP, T. Roque St, Boac, 4900 Marinduque, Philippines","N/A",""
"A&B Beach Resort","(042) 754 5823","Boac - Gasan - Torrijos Rd, Boac, Marinduque, Philippines","N/A",""
"Freedom Eco Adventure Park","(042) 332 0263","9RQH+GFP, Boac, Marinduque, Philippines","N/A",""
"Villa Worth","0917 877 2017","Purok Bangus, Boac, Marinduque, Philippines","N/A",""
"The Boac Hotel","(042) 332 2065","Boac, Marinduque, Philippines","N/A",""
"Eastpoint Hotel","(042) 332 2229","CR7F+39G, Boac, Marinduque, Philippines","N/A",""
"Boac Beach Guesthouse","0921 243 2803","CRM9+QPC, Sitio Capala, Boac, 4900 Marinduque, Philippines","N/A",""
"Chateau Du Mer","(042) 332 1338","Boac, Marinduque, Philippines","N/A",""
"KASTILYO INN","0963 283 7281","Boac, 4900 Marinduque, Philippines","N/A",""
"Seaview Hotel","(042) 332 2840","Boac, Marinduque, Philippines","N/A",""
"Abby's Place Hotel","N/A","CRXQ+2JP, Boac, Marinduque, Philippines","N/A",""
"3E's Love Bay Beach Resort & Hotel","N/A","CR4G+73F, Boac, Marinduque, Philippines","N/A",""
"Villa Sathy","N/A","FR9F+H95, Boac, Marinduque, Philippines","N/A",""
"Rezidencia Faeldo Resort and Cafe","Check Map Link","Boac, Marinduque","N/A","https://maps.google.com/?cid=10104586868015763721"
"Islas Moriones Beach Resort","Check Map Link","Boac, Marinduque","N/A","https://maps.google.com/?cid=90069391948669187"
"Bellaroca Island Resort & Spa","Check Map Link","Boac, Marinduque","N/A","https://maps.google.com/?cid=10963918741595611910"
"Cavesera Residencia Farm and Resort","Check Map Link","Boac, Marinduque","N/A","https://maps.google.com/?cid=2511424571325520180"
"D' Arco Resort","Check Map Link","Boac, Marinduque","N/A","https://maps.google.com/?cid=7551786822170772052"
"Wawie's Beach Resort","Check Map Link","Boac, Marinduque","N/A","https://maps.google.com/?cid=16894481310110700935"
"Guisian Cove Resort","Check Map Link","Boac, Marinduque","N/A","https://maps.google.com/?cid=2902319448716312314"
"Jethro's Hotel & Resto","Check Map Link","Boac, Marinduque","N/A","https://maps.google.com/?cid=16793157319185468853"
"Puregold Boac","Not available","CRXQ+97F, Gov D. Reyes St, Boac, 4900 Marinduque, Philippines","Not available",""
"GT168","Not available","Purok 5 Santol, Boac, 4900 Marinduque, Philippines","Not available",""
"KRM Store your one stop shop","0948 764 2148","Magsaysay Rd, Tabi, Boac, 4900 Marinduque, Philippines","Not available",""
"Monterey Store","Not available","8X4Q+FR7, Boac, Marinduque, Philippines","Not available",""
"Alicia Ong Store","(042) 332 1499","Marinduque Circumferential Road, CRWJ+PFC, Boac City, 4900 Marinduque, Philippines","Not available",""
"Magdurulan Consumer Goods Trading","0945 270 4556","Dama De Noche, Poblacion, Boac, 4901 Marinduque, Philippines","Not available",""
"Malbog buenavista","Not available","CRXQ+97F Pure gold, Boac, Marinduque, Philippines","Not available",""
"Mercury Drug Store - Marinduque Boac Governor Damian Reyes Branch","(042) 332 2505","Governor Damian, Gov D. Reyes St, Boac, 4900 Marinduque, Philippines","Not available",""
"CorBen Mini Mart","Not available","CRWQ+GHR, Magsaysay Rd, Boac, Marinduque, Philippines","Not available",""
"Oriental MINIMART","Not available","10 Magsaysay Rd, Boac, Marinduque, Philippines","Not available",""
"Lorenel's Meat Shop","Not available","3 Melendez, Boac, Marinduque, Philippines","Not available",""
"Pamilihang Bayan ng Sta. Cruz","Check Map Link","Boac, Marinduque","N/A","https://maps.google.com/?cid=14120323919633187803"
"Gasan public market","Check Map Link","Boac, Marinduque","N/A","https://maps.google.com/?cid=17395927150458870176"
"Nancy Grocery Store","Check Map Link","Boac, Marinduque","N/A","https://maps.google.com/?cid=10317631550570025665"
"Mogpog Public Market","Check Map Link","Boac, Marinduque","N/A","https://maps.google.com/?cid=7825260672535682374"
"Emmart Enterprise","Check Map Link","Boac, Marinduque","N/A","https://maps.google.com/?cid=5356602376341915697"
"Happyroo","Check Map Link","Boac, Marinduque","N/A","https://maps.google.com/?cid=16986330773500663575"
"Nelita's Sari-sari Store","Check Map Link","Boac, Marinduque","N/A","https://maps.google.com/?cid=1001636456049092919"
"Apple Store","Check Map Link","Boac, Marinduque","N/A","https://maps.google.com/?cid=4931468990789799947"
"Land Bank of the Philippines - Boac Branch","(042) 311 1001","Deogracias St, Boac, Marinduque, Philippines","[Land Bank of the Philippines](https://www.landbank.com/)",""
"Philippine National Bank - Boac","(042) 332 1365","CRXQ+CC9, Gov. Damian Reyes St, Boac, 4900 Marinduque, Philippines","[Philippine National Bank](https://www.pnb.com.ph/)",""
"BDO Network Bank - Boac Branch","(042) 704 0200","10 de Octubre Street, Boac, Marinduque, Philippines","[BDO Network Bank](https://www.bdonetworkbank.com.ph/)",""
"RCBC BRANCH - BOAC","(042) 332 0319","D. REYES ST. BRGY, Boac, Marinduque, Philippines","[RCBC](https://www.rcbc.com/)",""
"BPI Direct BanKo","Not available","CRWQ+WMG, Del Mundo St, Boac, Marinduque, Philippines","[BPI Direct BanKo](https://www.banko.com.ph/)",""
"Card Bank, Inc.","0910 330 3162","Barangay Isok, Boac, CRWQ+7GV, Boac, Marinduque, Philippines","[Card Bank](https://cardbankph.com/)",""
"City Savings - Marinduque Branch Lite","(02) 8708 7087","Barangay, P Madrigal St, Malusak, Boac, 4900 Marinduque, Philippines","[City Savings Bank](https://www.citysavings.com.ph/)",""
"Philippine National Bank ATM","(042) 311 1426","CRXQ+CF6, Nepumuceno St, Boac, 4900 Marinduque, Philippines","[Philippine National Bank](https://www.pnb.com.ph/)",""
"RCBC ATM - Golden Three 168 Trading Inc.","(02) 8877 7222","CRWH+8R5 GT168, Purok 5 Santol, Boac, 4900 Marinduque, Philippines","[RCBC](https://www.rcbc.com/)",""
"Radiowealth Finance Company-Marinduque Branch","(042) 332 0246","Gov D. Reyes St, Boac, Marinduque, Philippines","Not available",""
"Michel J. Lhuillier Financial Services","(042) 311 1412","Nepomuceno Road, Mercado, CRXR+68V, Boac, 4900 Marinduque, Philippines","Not available",""
"M Lhuillier - Boac","0947 999 0522","Boac, Marinduque, Philippines","[M Lhuillier](https://mlhuillier.com/)",""
"Western Union Boac","Not available","CRXQ+2JW, Boac, Marinduque, Philippines","[Western Union](https://www.westernunion.com/)",""
"Cebuana Lhuillier Pawnshop - Boac","0910 353 1792","CORNER MERCADEN & UNO DE NOVIEMBRE STS, Boac, 4900 Marinduque, Philippines","[Cebuana Lhuillier](https://www.cebuanalhuillier.com/)",""
"MoneyGram","(048) 433 4110","MURALLON MARINDUQUE, Gov D. Reyes St, BRGY MURALLON, Boac, 4900 Marinduque, Philippines","[MoneyGram](https://www.moneygram.com/)",""
"Palawan Pawnshop","Not available","CRXQ+96M, Del Mundo St, Boac, Marinduque, Philippines","[Palawan Pawnshop](https://www.palawanpawnshop.com/)",""
"Capt. Dela Rosa Bldg.","Check Map Link","Boac, Marinduque","N/A","https://maps.google.com/?cid=6320797903263448413"
"Patrick Freelance Services","Check Map Link","Boac, Marinduque","N/A","https://maps.google.com/?cid=9147037398372819349"
"AP Cargo Boac Branch","Check Map Link","Boac, Marinduque","N/A","https://maps.google.com/?cid=10261106514154609874"
"LBC Express - Boac","Check Map Link","Boac, Marinduque","N/A","https://maps.google.com/?cid=15305157930514364682"
"1Stop Business Center Remittance Inc.","Check Map Link","Boac, Marinduque","N/A","https://maps.google.com/?cid=8679447259087500841"
"Marinduque Provincial Hospital","N/A","CRVH+F82, Boac, Marinduque, Philippines","N/A",""
"Dr. Damian J. Reyes Memorial Hospital","(042) 332 1621","CRVH+C7W, Boac, Marinduque, Philippines","N/A",""
"Holy Infant Jesus Medical and Diagnostic Clinic","(042) 311 1337","CRXQ+CP7, D. Reyes Street, San Miguel, Boac, Marinduque, Philippines","N/A",""
"Boac Municipal Health Office","(042) 311 1483","CRWR+844, T. Roque St, Boac, Marinduque, Philippines","N/A",""
"Doctor Labay Medical Clinic","(042) 753 0002","Gov. Damian Reyes St Corner, Lardizabal Street, Boac, Marinduque, Philippines","N/A",""
"Corehealth Medical Clinic","0945 755 7324","Nepomuceno Street, Boac, 4900 Marinduque, Philippines","N/A",""
"Miraculous Medal Clinic","N/A","CRWQ+2M6, Pamintuan St, Boac, Marinduque, Philippines","N/A",""
"Precision Diagnostics and Medical Clinic","(042) 332 0195","Nepomuceno St, San Miguel, Boac, 4900 Marinduque, Philippines","N/A",""
"Jimarian Medical Clinic","0931 173 5174","Purok Acacia Tanza, Boac, Marinduque, Philippines","N/A",""
"The Íle Skin MD Clinic","(042) 704 0065","Nepomuceno St, Boac, Marinduque, Philippines","N/A",""
"Orthodocs Dental Clinic","0919 932 1794","Magsaysay Rd, Boac, Marinduque, Philippines","N/A",""
"Lazarus Medical And Diagnostic Clinic","0933 825 4098","2nd Floor, Kiya's Building, Mercader St, Boac, 4900 Marinduque, Philippines","N/A",""
"URRUTIA MEDICAL AND DIAGNOSTIC CLINIC","0929 717 4557","BRGY 1 de Noviembre St, Boac, 4900 Marinduque, Philippines","N/A",""
"Ancheta Medical Clinic","0977 215 3635","Biglang Awa St, Mataas Na Bayan, Boac, 4900 Marinduque, Philippines","N/A",""
"Boac Animal Bite Center","N/A","Governor D. Reyes Street corner 10 de Oktubre Street, Boac, Marinduque, Philippines","N/A",""
"MALUBAY EYE CLINIC","N/A","CRXQ+FM5, Magsaysay Rd, Boac, Marinduque, Philippines","N/A",""
"Isentro Medical Clinic","0949 750 8960","Marinduque Circumferential Road, 3rd Floor, St. Pancratius Building, Santol, Boac, 4900 Marinduque, Philippines","N/A",""
"Dermaesthetique","0998 998 4663","9VVH+MH5, Mercado, Boac, Marinduque, Philippines","N/A",""
"Dentalign Dental Clinic","0961 645 9365","Magsaysay Rd, Boac, 4900 Marinduque, Philippines","N/A",""
"Light Psychiatric Clinic","N/A","CRXR+C54, Gov D. Reyes St, Boac, Marinduque, Philippines","N/A",""
"Watsons Pharmacy Boac","(042) 323 1816","Gov D. Reyes St, Boac, 4900 Marinduque, Philippines","N/A",""
"St. Pancratius Pharmacy","(042) 332 1017","CRVH+H7R, Marinduque Circumferential Rd, Santol, Boac, 4900 Marinduque, Philippines","N/A",""
"D'Zaimircon Pharmacy","0927 752 1250","NA, Santol, Boac, 4900 Marinduque, Philippines","N/A",""
"Jimarian Pharmacy and General Merchandise","(042) 754 2483","Purok Acacia, Tanza, Boac, 4900 Marinduque, Philippines","N/A",""
"TGP The Generics Pharmacy (Boac)","0942 452 3815","GOV. DAMIAN REYES ST., MURALLON, BOAC, MARINDUQUE, Boac, MARINDUQUE, 4900 Marinduque, Philippines","N/A",""
"Botica Infant Jesus Main & General Merchandise","(042) 332 1741","CRXQ+CP9, Damian Reyes Street, San Miguel, Boac, 4900 Marinduque, Philippines","N/A",""
"Marinduque Drug Testing Center","(042) 754 0058","CRXQ+V5W, M. Kasilag St, Boac, 4900 Marinduque, Philippines","N/A",""
"Gamot Publiko Boac","N/A","Public Market Bldg, 5b Magsaysay Rd, Boac, 4900 Marinduque, Philippines","N/A",""
"WATSONS GOV D REYES ST BOAC","Check Map Link","Boac, Marinduque","N/A","https://maps.google.com/?cid=12175813453176311756"
"Claretian Pharmacy","Check Map Link","Boac, Marinduque","N/A","https://maps.google.com/?cid=3271060467672556104"
"Gamot Publiko Mogpog","Check Map Link","Boac, Marinduque","N/A","https://maps.google.com/?cid=17521743745222200001"
"Mercury Drug Store - Marinduque Branch","Check Map Link","Boac, Marinduque","N/A","https://maps.google.com/?cid=13582031646757392406"
"J&T Express Boac-1","Check Map Link","Boac, Marinduque","N/A","https://maps.google.com/?cid=560864773395638454"
"Ipharma mart","Check Map Link","Boac, Marinduque","N/A","https://maps.google.com/?cid=17032517700720181341"
"Municipal Government of Boac","(02) 7754 0050","CRWR+MMQ, Boac, Marinduque, Philippines","N/A",""
"Public Employment Service Office - Boac","(042) 332 1011","Municipal Hall, Boac, Marinduque, FR2P+5QG, Boac, Marinduque, Philippines","N/A",""
"Marinduque Provincial Capitol","(042) 332 1002","CRRH+R4R, Boac, Marinduque, Philippines","N/A",""
"Land Transportation Office - Boac District Office","(042) 311 1526","CRRH+2F7, Boac, Marinduque, Philippines","N/A",""
"Bureau of Internal Revenue (BIR) District Office","(042) 311 1077","Queen Marla Bldg, Malusak, Boac, 4900 Marinduque, Philippines","N/A",""
"CIVIL SERVICE COMMISSION MARINDUQUE FIELD OFFICE","N/A","CRRH+584, Boac, Marinduque, Philippines","N/A",""
"Philippine Statistics Authority Marinduque","(042) 754 0024","Boac, Marinduque, Philippines","N/A",""
"Department of Agrarian Reform (DAR) - Marinduque Provincial Office","(042) 332 1287","FR5V+5X6, Tanza, Boac, Marinduque, Philippines","N/A",""
"Marinduque Provincial Police Office","(042) 754 0187","National Road, Camp Maximo Abad, Barangay Bangbangalon, FR3H+XX6, Boac, 4900 Marinduque, Philippines","N/A",""
"Provincial Statistics Office - NSO","(042) 754 0024","18, Magsaysay Street, Melendez Street, Isok I, Boac, 4900 Marinduque, Philippines","N/A",""
"Office of the Municipal Assessor - Municipality of Boac","(042) 311 1473","CRXP+VG8, Nepumuceno St, Boac, 4900 Marinduque, Philippines","N/A",""
"PhilHealth Marinduque","N/A","CRXQ+GFR, Boac, Marinduque, Philippines","N/A",""
"Department of Science and Technology (Marinduque)","(042) 332 0302","CRRH+6C5, Boac, Marinduque, Philippines","N/A",""
"MARINDUQUE PROVINCIAL INTERNAL AFFAIRS SERVICE","0961 217 2683","Camp Col, CRRH+J34, Maximo Abad, Brgy.Bangbangalon, Boac, Marinduque, Philippines","N/A",""
"Provincial Environment and Natural Resources Office - Boac","N/A","CRRH+RGV, Boac, Marinduque, Philippines","N/A",""
"Provincial Tourism and Cultural Office - Marinduque","N/A","CRRH+H68, Boac, Marinduque, Philippines","N/A",""
"Department of Labor and Employment - Marinduque Field Office","(042) 754 7011","FR3P+88Q, Boac, Marinduque, Philippines","N/A",""
"Department of Environment and Natural Resources (DENR) - PENRO (Marinduque)","(042) 332 1490","CRRH+RF3, Boac, Marinduque, Philippines","N/A",""
"SK Office","N/A","8X5P+H22, Boac, Marinduque, Philippines","N/A",""
"Pagibig Fund Building","N/A","CRXR+P65, Lardizabal Street, Boac, Marinduque, Philippines","N/A",""
"Marinduque National High School","(042) 311 1315","CRWQ+8R8, T. Roque St, Boac, Marinduque, Philippines","N/A",""
"St. Mary's College Of Marinduque","0919 625 7814","CRWV+5CW, Boac, Marinduque, Philippines","N/A",""
"Department of Education - SDO Marinduque","(042) 332 1009","T. Roque St, Boac, Marinduque, Philippines","N/A",""
"Marinduque State University","(042) 332 2028","Panfilo M. Manguera, Sr. Road, Boac, 4900 Marinduque, Philippines","N/A",""
"Educational System Technological Institute","(042) 332 1459","CRXP+CCQ, Boac - Gasan - Torrijos Rd, Boac, Marinduque, Philippines","N/A",""
"Don Luis Hidalgo Memorial School","N/A","CRWR+H4J, Boac, Marinduque, Philippines","N/A",""
"Ilaya National High School","N/A","CVJJ+X3P, Dr Damian Rayes Rd, Boac, Marinduque, Philippines","N/A",""
"Boac South Central School","N/A","CRQ9+7WF, Boac, Marinduque, Philippines","N/A",""
"Little Stars Pre-school","(042) 754 0010","CRWR+C86 Isok Boac (Capital, Boac, Marinduque, Philippines","N/A",""
"Everbright International Academy Marinduque Branch","0998 979 7266","Brgy, CRQC+VH8, Boac, Marinduque, Philippines","N/A",""
"Maybo Elementary School","N/A","Boac, Marinduque, Philippines","N/A",""
"Marinduque State College - Campus Director, MSC Boac","(042) 332 2863","Marinduque State College, Panfilo M. Manguera Sr. Road, Tanza, FR3W+952, Boac, 4900 Marinduque, Philippines","N/A",""
"Lord of lords Christian School","N/A","Cawit, Boac, Marinduque, Philippines","N/A",""
"Technical Education and Skills Development Authority (TESDA) - Marinduque Provincial Office","(042) 332 1540","CRXR+C27, Gov D. Reyes St, Boac, Marinduque, Philippines","N/A",""
"MSC SEng Building (part of Marinduque State University)","N/A","FR4V+5MF, Boac, Marinduque, Philippines","N/A",""
"Office of the Municipal Assessor - Muncipality of Boac","Check Map Link","Boac, Marinduque","N/A","https://maps.google.com/?cid=12276927584976717223"
"Makapuyat National High School","Check Map Link","Boac, Marinduque","N/A","https://maps.google.com/?cid=14091568730333329933"
"Marinduque Midwest College","Check Map Link","Boac, Marinduque","N/A","https://maps.google.com/?cid=5808813340526539206"
"Poras Elementary School","Check Map Link","Boac, Marinduque","N/A","https://maps.google.com/?cid=4542557542717228440"
"Bangbang National High School","Check Map Link","Boac, Marinduque","N/A","https://maps.google.com/?cid=16157720589690894897"
"MSC SEng Building","Check Map Link","Boac, Marinduque","N/A","https://maps.google.com/?cid=2003770342480729760"
"Quezon-Roxas High School","Check Map Link","Boac, Marinduque","N/A","https://maps.google.com/?cid=7589760246403176926"
"Paula Lim Lumber & Hardware","(042) 332 1129","No. 2 Nepomuceno St Barangay, Boac, 4900 Marinduque, Philippines","N/A",""
"ABC Central Hardware","0910 486 7675","CRWQ+PHF, Magsaysay Rd, Boac, 4900 Marinduque, Philippines","N/A",""
"DAVID HARDWARE","9RHM+V8F, Cawit-Tugos Barangay Rd, Boac, Marinduque, Philippines","Boac, Marinduque","N/A",""
"ZL & MZ Hardware and Construction Supplies","9RRG+GR3, Bunganay, Boac, Marinduque, Philippines","Boac, Marinduque","N/A",""
"Her-Man Hardware And construction supplies","Centro, 9RPF+WVH, Boac, Marinduque, Philippines","Boac, Marinduque","N/A",""
"Triple J Hardware and Sari Sari Store","FR8G+V49, Boac, Marinduque, Philippines","Boac, Marinduque","N/A",""
"MR.DIY","(02) 8463 0855","Barangay, Boac, 4900 Marinduque, Philippines","N/A",""
"GMJ Lumber and Hardware","0966 223 8609","Boac, Marinduque, Philippines","N/A",""
"J and B Hardware Trading","0921 339 4839","purok 2, Mainit, Boac, 4900 Marinduque, Philippines","N/A",""
"new plaza aurora commercial","(042) 332 1252","4 Deogracias St, Boac, 4900 Marinduque, Philippines","N/A",""
"R.Masculino Trading","0956 058 3670","Tabi, Boac, 4900 Marinduque, Philippines","N/A",""
"JRM BUILDERS","0918 957 2686","PUROK3, Boac, 4900 Marinduque, Philippines","N/A",""
"Bikkurim Construction Supplies Trading","Purok Tangique barangay Road, FR9G+JM3, Balogo, Boac, Marinduque, Philippines","Boac, Marinduque","N/A",""
"Bobar Builders","(042) 332 1497","Marinduque Circumferential Road, CRXJ+5J2, Boac City, 4900 Marinduque, Philippines","N/A",""
"Home base RJ Solar","Purok Antonio Laririt, Bangbangalon, Boac, Marinduque, Philippines","Boac, Marinduque","N/A",""
"Ipi","CR6F+9F9 Caganhao Bridge, Boac - Gasan - Torrijos Rd, Boac, Marinduque, Philippines","Boac, Marinduque","N/A",""
"SMJ GLASS ALUMINUM AND METAL WORKS","0908 812 2167","2 Tanza Barangay Rd, Boac, Marinduque, Philippines","N/A",""
"Dragonz Construction Supplies Trading","0917 800 3917","4900 Boac Byp Rd, Boac, Marinduque, Philippines","N/A",""
"JQJ CONSTRUCTION SUPPLY","FR4Q+FFJ, Tanza-Tabi Rd, Boac, Marinduque, Philippines","Boac, Marinduque","N/A",""
"Mid-Way Construction Supplies Trading","(042) 754 1482","Boac, Marinduque, Philippines","N/A",""
"Wheel-Power Auto Parts Repair Services","0917 851 3653","marcial, M. Kasilag St, Boac, 4900 Marinduque, Philippines","Car Repair and Maintenance",""
"Elmer","0926 046 4017","18 Boac - Mogpog - Santa Cruz - Torrijos Rd, Boac, Marinduque, Philippines","Car Repair and Maintenance",""
"Joaquin auto diesel repair shop","CVP8+5MF, Boac, Marinduque, Philippines","Car Repair and Maintenance","N/A",""
"HENRICH Auto Repair Shop","(042) 332 1785","Sampaguita 2, Boac, 4900 Marinduque, Philippines","Car Repair and Maintenance",""
"Red Line Car Aircon service","0919 830 4467","CRQ9+M7Q, Boac - Gasan - Torrijos Rd, Boac, Marinduque, Philippines","Car Aircon Service",""
"8 DEGREE AIRCON AND REFRIGERATION SERVICES","0968 294 0729","Boac, 4900 Marinduque, Philippines","Car Repair and Maintenance",""
"Talyer Sa Amoingon","CR2G+WC3, Boac - Gasan - Torrijos Rd, Boac, Marinduque, Philippines","Car Repair and Maintenance","N/A",""
"MMQuinto Trading and Motor Repair Shop","0938 648 7778","Zone 2, Brgy Tabi, Boac, Marinduque, Philippines","Car/Motor Repair Shop",""
"LMC MOTOR PARTS AND GEN. MDSE.","FR3Q+7GP, Tanza, Boac, Marinduque, Philippines","Auto Parts and General Merchandise","N/A",""
"Motorcycle Repair Shop","FR6P+5GW, Boac, Marinduque, Philippines","Motorcycle Repair","N/A",""
"Luisaga Motorparts","Purok dama de noche tampus, Boac, 4900 Marinduque, Philippines","Auto Parts","N/A",""
"W. Red Emission Testing","CR5F+8VM, Boac - Gasan - Torrijos Rd, Boac, Marinduque, Philippines","Emission Testing","N/A",""
"GTZ EMISSION TESTING CENTER","CR5J+C76 Brgy, Caganhao, Boac, Marinduque, Philippines","Emission Testing","N/A",""
"Jm's Bike Shop","0953 429 9232","9VFC+62Q, Boac, Marinduque, Philippines","Motorcycle Repair",""
"CTM CARWASH and DETAILING Boac Branch","0917 169 2286","13.444755, 121.829437, Boac, Marinduque, Philippines","Car Wash & Detailing",""
"Foam Stars Carwash And Detailing Services","(042) 754 5525","Boac, Marinduque, Philippines","Car Wash & Detailing",""
"Vendo Car Wash","CRP9+V8W, Boac, Marinduque, Philippines","Car Wash","N/A",""
"carwash","CRRF+JPM, Boac, Marinduque, Philippines","Car Wash","N/A",""
"Tyang’s Car Wash","CRXP+GH6, Gov D. Reyes St, Boac, Marinduque, Philippines","Car Wash","N/A",""
"Bologo Carwash and Detailing","Balogo, Boac, 4900 Marinduque, Philippines","Car Wash & Detailing","N/A",""
"AJAC Hardware Store","Check Map Link","Boac, Marinduque","N/A","https://maps.google.com/?cid=193527521864427697"
"Lagran General Merchandise and Copra Buyer","Check Map Link","Boac, Marinduque","N/A","https://maps.google.com/?cid=130409320759639720"
"Skyscraper Construction and Engineering Services","Check Map Link","Boac, Marinduque","N/A","https://maps.google.com/?cid=9428708855070524249"
"L.A. Clamor Construction","Check Map Link","Boac, Marinduque","N/A","https://maps.google.com/?cid=6364850063867623018"
"ERM Construction Supplies Trading","Check Map Link","Boac, Marinduque","N/A","https://maps.google.com/?cid=8864064571044565199"
"Marinduque Province Community eCenter","Check Map Link","Boac, Marinduque","N/A","https://maps.google.com/?cid=16750217001644947589"
"Riverside","Check Map Link","Boac, Marinduque","N/A","https://maps.google.com/?cid=6274957950758383952"
"drainage","Check Map Link","Boac, Marinduque","N/A","https://maps.google.com/?cid=9049406686920838429"
"B&H","Check Map Link","Boac, Marinduque","N/A","https://maps.google.com/?cid=10410166412444190850"
"White House","Check Map Link","Boac, Marinduque","N/A","https://maps.google.com/?cid=8937300305124717581"
"Agustin Residence","Check Map Link","Boac, Marinduque","N/A","https://maps.google.com/?cid=11897082333285352981"
"Rowin's Tree House","Check Map Link","Boac, Marinduque","N/A","https://maps.google.com/?cid=6065331083009611287"
"Sitio Turil","Check Map Link","Boac, Marinduque","N/A","https://maps.google.com/?cid=15608619655925489905"
"Randy Malabayabas House","Check Map Link","Boac, Marinduque","N/A","https://maps.google.com/?cid=7747166910497287092"
"Apo-Rey Construction Supplies Trading","Check Map Link","Boac, Marinduque","N/A","https://maps.google.com/?cid=15379866106930730731"
"Construction Materials Direct Manufacturer","Check Map Link","Boac, Marinduque","N/A","https://maps.google.com/?cid=6749391639973058211"
"MERES HARDWARE AND CONSTRUCTION SUPPLY","Check Map Link","Boac, Marinduque","N/A","https://maps.google.com/?cid=10772443921312142785"
"JCM Hardware & Construction Supply","Check Map Link","Boac, Marinduque","N/A","https://maps.google.com/?cid=13236117122694815473"
"Arwa Construction Supplies Trading","Check Map Link","Boac, Marinduque","N/A","https://maps.google.com/?cid=8649468343210379761"
"Rapide 1 Marinduque - Auto Service, Car Repair.","Check Map Link","Boac, Marinduque","N/A","https://maps.google.com/?cid=11859076398192745834"
"Proff Tech Auto Care","Check Map Link","Boac, Marinduque","N/A","https://maps.google.com/?cid=16675952571108382441"
"Boac Cellphone Repair Shop","Check Map Link","Boac, Marinduque","N/A","https://maps.google.com/?cid=2881908313278886369"
"Laon ,Mogpog ,Mogpog ,Marinduque","Check Map Link","Boac, Marinduque","N/A","https://maps.google.com/?cid=7483738040381401912"
"Joemar dela Costa","Check Map Link","Boac, Marinduque","N/A","https://maps.google.com/?cid=1987006369408761477"
"Star Honda Boac Marinduque","Check Map Link","Boac, Marinduque","N/A","https://maps.google.com/?cid=14449133729063436934"
"V-Likebee Motorcycle Parts and Accessories Shop","Check Map Link","Boac, Marinduque","N/A","https://maps.google.com/?cid=14857317381655764895"
"Motortrade - Boac","Check Map Link","Boac, Marinduque","N/A","https://maps.google.com/?cid=16160551248575089819"
"4R Motorcycle Parts and Accessories Store","Check Map Link","Boac, Marinduque","N/A","https://maps.google.com/?cid=1100666208282482507"
"Adds Motorcycle Parts and General Merchandise","Check Map Link","Boac, Marinduque","N/A","https://maps.google.com/?cid=7773585029105211250"
"2bros motorcycle shop and repair shop","Check Map Link","Boac, Marinduque","N/A","https://maps.google.com/?cid=6064467126882428988"
"Motorcentral Yamaha Boac Marinduque","Check Map Link","Boac, Marinduque","N/A","https://maps.google.com/?cid=1953963577674901473"
"J-Specs Motorcycle Part and Accessories Shop","Check Map Link","Boac, Marinduque","N/A","https://maps.google.com/?cid=1153905446889405600"
"Ryse Carwash & Vulcanizing Shop","Check Map Link","Boac, Marinduque","N/A","https://maps.google.com/?cid=7350062734770284725"
"Marigold Kitchenette","0910 449 6468","326 Bonifacio St, Gasan, Marinduque, Philippines","N/A",""
"MONSANBREW","0939 729 8026","Zamora St, Gasan, 4905 Marinduque, Philippines","N/A",""
"Gasan Recreation Center","N/A","8RFW+F6M, Barangay Dos, Gasan, Marinduque, Philippines","N/A",""
"Jem-Cel Eatery","0909 977 7189","8RHW+C5Q, Boac - Gasan - Torrijos Rd, Gasan, Marinduque, Philippines","N/A",""
"Bayview Bistros & Pub","N/A","8RFW+F5R, Gasan, Marinduque, Philippines","N/A",""
"Love Sakura Food Hub","0923 106 4974","Sitio Quatis Rd, Masiga, Gasan, 4905 Marinduque, Philippines","N/A",""
"Two Kings' Cafe & Bar","0977 619 2541","Purok Mahogany, Gasan, 4905 Marinduque, Philippines","N/A",""
"SINUGBA By: Ristorante D’l Jose","N/A","340c Marinduque Circumferential Rd, Gasan, Marinduque, Philippines","N/A",""
"El Capitan Resto Bar","N/A","7VP8+3PC, Gasan, Marinduque, Philippines","N/A",""
"TwenTeaOne cafe","0917 157 4473","427 P Sotto St, Gasan, Marinduque, Philippines","N/A",""
"MAMIHAN SA KUBO,Antipolo ,Gasan ,Marinduque","N/A","Purok 2, Gasan, Marinduque, Philippines","N/A",""
"Ayns Moving kitchen HQ","N/A","duluhan purok 6, Gasan, 4905 Marinduque, Philippines","N/A",""
"Bangketa Brew","N/A","8V44+346, Boac - Gasan - Torrijos Rd, Gasan, Marinduque, Philippines","N/A",""
"D' Capskie Western Food House","0917 144 7093","Sitio Ipil, Purok IV, Gasan, 4905 Marinduque, Philippines","N/A",""
"Jhaja's cake House cafe","0966 773 1167","8RVJ+924, Bangbang Barangay Rd, Gasan, Marinduque, Philippines","N/A",""
"Tabag's Place","Check Map Link","Gasan, Marinduque","N/A","https://maps.google.com/?cid=6244671275093494244"
"DJ Plaza Hotel","(042) 332 0110","314 Bonifacio St, Gasan, Marinduque, Philippines","https://maps.google.com/?cid=7479921335834954039",""
"ARJ & Abbygail Lodging House","(042) 342 1024","200 Cayetano St, Gasan, Marinduque, Philippines","https://maps.google.com/?cid=3715585178344906365",""
"R and B Bed And Breakfast","0916 589 4296","9RCP+VG4, Gasan, Marinduque, Philippines","https://maps.google.com/?cid=4874688036739040523",""
"Blue Castle Beach Resort","0918 237 9556","Gasan, Marinduque, Philippines","https://maps.google.com/?cid=5808449633868930808",""
"Pinky's Taha Beach Resort","N/A","8RJR+PW5, Marinduque Circumferential Rd, Gasan, Marinduque, Philippines","https://maps.google.com/?cid=15756167129805178787",""
"Narvas Treasure place","0975 289 8183","Taliña, Sitio taliña, Gasan, 4905 Marinduque, Philippines","https://maps.google.com/?cid=186176320195785769",""
"Cozea Beach Lodge","Check Map Link","Gasan, Marinduque","N/A","https://maps.google.com/?cid=10124739563012775662"
"Beach Club Cagpo","Check Map Link","Gasan, Marinduque","N/A","https://maps.google.com/?cid=1716899784538302685"
"Hidden Greenery Resort & Event Place","Check Map Link","Gasan, Marinduque","N/A","https://maps.google.com/?cid=18437402552492964475"
"Blue Sea Resort","Check Map Link","Gasan, Marinduque","N/A","https://maps.google.com/?cid=16677175909934676661"
"Ellaine's Private Resort","Check Map Link","Gasan, Marinduque","N/A","https://maps.google.com/?cid=5961434477665957374"
"GRACIA'S BEACH RESORT","Check Map Link","Gasan, Marinduque","N/A","https://maps.google.com/?cid=2271311253354849382"
"Palm Beach Resort","Check Map Link","Gasan, Marinduque","N/A","https://maps.google.com/?cid=2111816661349499081"
"Spencer’s Transient Inn","Check Map Link","Gasan, Marinduque","N/A","https://maps.google.com/?cid=3726009837324820959"
"El Centro Convenience Store","(036) 278 9074","8RVM+6R7, Gasan, Marinduque, Philippines","N/A",""
"Store","N/A","32 Dawis Barangay Rd, Gasan, Marinduque, Philippines","N/A",""
"Libtangin Tiangge Market","N/A","8RXJ+7R3, Gasan, Marinduque, Philippines","N/A",""
"SOUTH emerald SUPERMARKET","N/A","8RFW+QPR, 314 Bonifacio St, Gasan, Marinduque, Philippines","N/A",""
"Lady's Minimart","N/A","9R7H+C3J, Gasan, Marinduque, Philippines","N/A",""
"Chona's Grocery store","N/A","8RVH+HM4, Gasan, Marinduque, Philippines","N/A",""
"Tiya Amy Sari-Sari Store/PisoWifi and Pony Gcash","0966 772 9182","CENTRAL TRES, Tiguion, Gasan, 4905 Marinduque, Philippines","N/A",""
"Yorkshire Rose","0961 361 0167","8V82+4JM, Boac - Gasan - Torrijos Rd, Gasan, 4905 Marinduque, Philippines","N/A",""
"the garage foodhouse","N/A","8VWW+9CX, Gasan, Marinduque, Philippines","N/A",""
"Labuanan's Store","0956 152 3860","7VGQ+R8C, Gasan, Marinduque, Philippines","N/A",""
"Villamin Handicrafts & General Merchandise","(042) 332 0232","8RFW+H8R, Zamora St, Gasan, Marinduque, Philippines","N/A",""
"JB’s Yard","N/A","8RJR+PW5, Marinduque Circumferential Rd, Gasan, Marinduque, Philippines","N/A",""
"Sugar Sari- Sari Store","N/A","Boac - Gasan - Torrijos Rd, Gasan, Marinduque, Philippines","N/A",""
"5M Arts and Crafts","0919 250 9581","Gasan, Marinduque, Philippines","N/A",""
"Zaldy's General store","N/A","7VJJ+8CC, Pinggan, Gasan, Marinduque, Philippines","N/A",""
"gasan marinduque","Check Map Link","Gasan, Marinduque","N/A","https://maps.google.com/?cid=7169488601819370270"
"MANSAN GROCER","Check Map Link","Gasan, Marinduque","N/A","https://maps.google.com/?cid=10871860180677929935"
"Footstep Marinduque","Check Map Link","Gasan, Marinduque","N/A","https://maps.google.com/?cid=218209537848097335"
"Marinduque News","Check Map Link","Gasan, Marinduque","N/A","https://maps.google.com/?cid=15593439947383848543"
"Silong Store","Check Map Link","Gasan, Marinduque","N/A","https://maps.google.com/?cid=2140525097539754794"
"Magahis Dress Shop and General Merchandise","Check Map Link","Gasan, Marinduque","N/A","https://maps.google.com/?cid=8618673619799133327"
"Cebuana Lhuillier Pawnshop - Gasan Marinduque","Check Map Link","Gasan, Marinduque","N/A","https://maps.google.com/?cid=15319398412040545851"
"Gasan","Check Map Link","Gasan, Marinduque","N/A","https://maps.google.com/?cid=10726491455674959954"
"Gabisan Pottery","Check Map Link","Gasan, Marinduque","N/A","https://maps.google.com/?cid=5161606000094318620"
"M Lhuillier - Gasan Marinduque","Check Map Link","Gasan, Marinduque","N/A","https://maps.google.com/?cid=3198522456348118373"
"Heart of Islands Holdings, Inc.","Check Map Link","Gasan, Marinduque","N/A","https://maps.google.com/?cid=16086226127321691975"
"Jc Kame Woodworks","Check Map Link","Gasan, Marinduque","N/A","https://maps.google.com/?cid=17507754144049028278"
"Total (Gasan)","Check Map Link","Gasan, Marinduque","N/A","https://maps.google.com/?cid=17935794657712423715"
"Ivie's Gadget and Accessories Shop","Check Map Link","Gasan, Marinduque","N/A","https://maps.google.com/?cid=17828179508664536854"
"Libtangin ,Gasan ,Gasan ,Marinduque","Check Map Link","Gasan, Marinduque","N/A","https://maps.google.com/?cid=16684274980072019245"
"1018 Bazaar - Marinduque","Check Map Link","Gasan, Marinduque","N/A","https://maps.google.com/?cid=15972719035400773445"
"CARD Bank Inc, Gasan branch","8RGW+PQQ, Barangay Uno, Gasan, Marinduque, Philippines","Gasan, Marinduque","N/A",""
"RANSIB Pera Padala","Gasan, Marinduque, Philippines","Gasan, Marinduque","N/A",""
"MoneyGram (Bonifacio St)","(048) 433 4110","BONIFACIO ST BRGY 1 GASAN MARINDUQUE MARINDUQUE REGION IV B MIMAROPA, Gasan, 4905 Marinduque, Philippines","N/A",""
"MoneyGram (San Jose St)","(032) 348 9400","San Jose St, BARANGAY DOS, Gasan, 4905 Marinduque, Philippines","N/A",""
"MoneyGram (Dili)","(048) 433 4110","BARANGAY, DILI, Gasan, 4905 Marinduque, Philippines","N/A",""
"VickyLin's Bookkeeping Services","0930 527 7551","Purok 5, Barangay, Mahunig, Gasan, 4905 Marinduque, Philippines","N/A",""
"Lhuillier Jewel Financial","Check Map Link","Gasan, Marinduque","N/A","https://maps.google.com/?cid=11133504083952204710"
"PNB MARINDUQUE-STA. CRUZ","Check Map Link","Gasan, Marinduque","N/A","https://maps.google.com/?cid=7716428617826706151"
"RCBC BRANCH - MARINDUQUE","Check Map Link","Gasan, Marinduque","N/A","https://maps.google.com/?cid=17122526851106745564"
"ATM","Check Map Link","Gasan, Marinduque","N/A","https://maps.google.com/?cid=861092405701388087"
"Globe Gcash - Card Bank, Sta. Cruz","Check Map Link","Gasan, Marinduque","N/A","https://maps.google.com/?cid=17144932831632674445"
"Boss Emar","Check Map Link","Gasan, Marinduque","N/A","https://maps.google.com/?cid=1018867811425594370"
"Hospital","Asuncion A. Perez Hospital","N/A","8RFW+7P3, Gasan, 4905 Marinduque, Philippines",""
"Clinic","Gasan Municipal Clinic","N/A","8RGW+8RF, Gasan, Marinduque, Philippines",""
"Pharmacy","TGP The Generics Pharmacy (Gasan)","0933 818 9044","DILI, Gasan, 4905 Marinduque, Philippines",""
"Asuncion A. Perez Hospital","Check Map Link","Gasan, Marinduque","N/A","https://maps.google.com/?cid=2372669639182391783"
"Gasan Municipal Clinic","Check Map Link","Gasan, Marinduque","N/A","https://maps.google.com/?cid=6424101249978549393"
"Torrijos Municipal Hospital","Check Map Link","Gasan, Marinduque","N/A","https://maps.google.com/?cid=2736740165266791366"
"Tiguion Health Center","Check Map Link","Gasan, Marinduque","N/A","https://maps.google.com/?cid=16014731823902744621"
"Gasan Rural Health Unit","Check Map Link","Gasan, Marinduque","N/A","https://maps.google.com/?cid=12058697716397146814"
"Monte's Unicare Dental Clinic","Check Map Link","Gasan, Marinduque","N/A","https://maps.google.com/?cid=7653473980027902437"
"TGP The Generics Pharmacy (Gasan)","Check Map Link","Gasan, Marinduque","N/A","https://maps.google.com/?cid=9800222588400159935"
"Farmacia Salvo","Check Map Link","Gasan, Marinduque","N/A","https://maps.google.com/?cid=10484849458888119084"
"WH Pharmacy","Check Map Link","Gasan, Marinduque","N/A","https://maps.google.com/?cid=13245473305983262228"
"Municipality of Gasan","(042) 342 1074","Gasan Municipal Hall, Gomez St, Gasan, 4509 Marinduque, Philippines","N/A",""
"Public Employment Service Office (PESO) - Gasan","(042) 342 1074","Gasan Municipal Hall, Gasan, 4905 Marinduque, Philippines","N/A",""
"Department of Agrarian Reform","N/A","375 Boac - Gasan - Torrijos Rd, Gasan, Marinduque, Philippines","N/A",""
"Gasan Hall of Justice","N/A","Guingona Park, Gasan, Marinduque, Philippines","N/A",""
"Bagtingon SRIP Field Office (NIA)","N/A","14 Boac - Gasan - Torrijos Rd, Gasan, Marinduque, Philippines","N/A",""
"Gasan Municipal Police Station","N/A","316 Marinduque Circumferential Rd, Gasan, Marinduque, Philippines","N/A",""
"Pinggan Gasan, Barangay Hall","N/A","7VJH+CF2, Gasan, 4905 Marinduque, Philippines","N/A",""
"Brgy. Health Center","N/A","9R3R+HX8, Gasan, Marinduque, Philippines","N/A",""
"Civil Aviation Authority of the Philippines - Marinduque Airport","(042) 333 7001","Marinduque Provincial Airport, Gasan, Marinduque, 9R5H+95P Marinduque Airport Terminal Building, Marinduque National Rd, Gasan, 4905 Marinduque, Philippines","N/A",""
"Gasan Courthouse","N/A","8RGW+HH4, Gasan, 4905 Marinduque, Philippines","N/A",""
"Bahi Barangay Hall","N/A","9R9H+23J, Gasan, Marinduque, Philippines","N/A",""
"Community Fish Landing Center","N/A","Purok 5, Gasan, Marinduque, Philippines","N/A",""
"Tapuyan Baranggay Hall","N/A","9V82+MMP, Gasan, Marinduque, Philippines","N/A",""
"Barangay Bognuyan Multi Purpose Hall","N/A","7VV6+CR4, Gasan, Marinduque, Philippines","N/A",""
"Tiguion Public School","0918 922 3258","176 Tigioun Barangay Road, Tiguion, Gasan, Gasan, 4905 Marinduque, Philippines","N/A",""
"Gasan Central School","N/A","305 Bonifacio St, Gasan, 4905 Marinduque, Philippines","N/A",""
"Tiguion National High School","N/A","Central Dos, Gasan, 4905 Marinduque, Philippines","N/A",""
"Bognuyan National High School","N/A","7VW6+8V9, Gasan, Marinduque, Philippines","N/A",""
"Tapuyan National High School","N/A","9V82+HMX, Gasan, Marinduque, Philippines","N/A",""
"Marinduque Christian Academy","0920 865 2282","7VMR+F37, Barangay Road, Gasan, 4905 Marinduque, Philippines","N/A",""
"Philippine Dental Association Incorporated Marinduque Chapter","Check Map Link","Gasan, Marinduque","N/A","https://maps.google.com/?cid=11381271088568300868"
"Roma Cris","Check Map Link","Gasan, Marinduque","N/A","https://maps.google.com/?cid=4722045308535537372"
"Buenavista Municipal Complex","Check Map Link","Gasan, Marinduque","N/A","https://maps.google.com/?cid=773122541153537825"
"JGARAY HARDWARE","Hardware","Guevara st, Gasan, Marinduque, Philippines","N/A",""
"QUATIS HARDWARE AND CONSTRUCTION SUPPLIES","Hardware, Construction","9R2J+754, Quatis Rd, Gasan, Marinduque, Philippines","N/A",""
"A & D Hardware and General Merchandise","Hardware","Pinggan, Gasan, Marinduque, Philippines","N/A",""
"JS Sapungan Hardware","Hardware","8RVM+CVF Bangbang, Gasan, Marinduque, Philippines","N/A",""
"Kate's Hardware and General Merchandise","Hardware","8R9X+6M6, Gasan, Marinduque, Philippines","N/A",""
"Cyclequeen Motorcycle Parts and Accessories Trading","Auto Services (Parts)","0920 192 9389","Purok 2, Matandang Gasan, Gasan, 4905 Marinduque, Philippines",""
"Morion Yayamanin Thai Parts Shop","Auto Services (Parts)","Gasan, 4905 Marinduque, Philippines","N/A",""
"IAH LPG TRADING","Auto Services (Repair/LPG)","0917 319 0916","Gasan, Marinduque, Philippines",""
"RM Motorcycle Parts and Accessories Trading","Auto Services (Parts)","(042) 754 2326","Jose Abad Santos St, Gasan, Marinduque, Philippines",""
"JMSL motorcycle parts and accessories","Auto Services (Parts)","0998 555 2819","Purok1, Gasan, Marinduque, Philippines",""
"Bermark Gen. Merchandise","Auto Services (Parts)","9R7H+C3J, Gasan, Marinduque, Philippines","N/A",""
"Marinduque GETAWAY Car Rental","Check Map Link","Gasan, Marinduque","N/A","https://maps.google.com/?cid=10485141932041809221"
"Wish Oil Gasoline Station","Check Map Link","Gasan, Marinduque","N/A","https://maps.google.com/?cid=161119285087938847"
"Sitio Cafe","N/A","Mogpog, Marinduque, Philippines","N/A",""
"Ate Bry's Smoothies & Snack house Mogpog","N/A","FVG5+2M8, Molave St, Mogpog, Marinduque, Philippines","N/A",""
"Street 74 Restaurant","0947 345 3460","Mogpog, 4901 Marinduque, Philippines","N/A",""
"Kainan sa Parola Pancitan","N/A","GVJ9+326, Mogpog, Marinduque, Philippines","N/A",""
"Carinderia sa Balancan","N/A","GVM8+J6J, Mogpog - Balanacan Port Rd, Mogpog, Marinduque, Philippines","N/A",""
"Mariano's Food Stop","0915 286 0778","Along Marinduque Circumferential Road, FWH7+844, Mogpog, Marinduque, Philippines","N/A",""
"MCLAUDE FRIED CHICKEN","N/A","GVH9+G6F, Mogpog - Balanacan Port Rd, Mogpog, Marinduque, Philippines","N/A",""
"Kalambingan food hub","0938 446 8250","National rd, FVG9+263, Rizal St, Mogpog, 4901 Marinduque, Philippines","N/A",""
"Casa Silmara","0945 613 0834","Nangka 1, Mogpog, 4900 Marinduque, Philippines","N/A",""
"CM's Mogpog Food Stall","N/A","FVH4+H3, Mogpog, Marinduque, Philippines","N/A",""
"Sarang-Jin Keopi Hub","0947 697 4741","Yakal St, Mogpog, 4901 Marinduque, Philippines","N/A",""
"Doughboys Bakery","N/A","FVG6+229, Doña Aurora St, Mogpog, Marinduque, Philippines","N/A",""
"Poblacion Pares Atbp.","N/A","Market Site, Pob, Mogpog, Marinduque, Philippines","N/A",""
"Pull Over Mamanes Dampa","Check Map Link","Mogpog, Marinduque","N/A","https://maps.google.com/?cid=16230496455099242991"
"Caffe Lea and Riztoran","Check Map Link","Mogpog, Marinduque","N/A","https://maps.google.com/?cid=1305758908975152844"
"Hilltop Hotel","(042) 332 3074","Barangay Mataas na Bayan, Mogpog, Marinduque, FVC7+R99, Mogpog, Marinduque, Philippines","N/A",""
"Marketpoint Hotel","0967 084 6269","Mendez St, Mogpog 512820 512820, Mogpog, 4901 Marinduque, Philippines","N/A",""
"R & J Dry Goods Store","0956 637 2420","Riverside, Mogpog, 4901 Marinduque, Philippines","N/A",""
"Rosing Store","N/A","FVF6+QQ3, Paras St, Mogpog, Marinduque, Philippines","N/A",""
"Samu't samo general merchandise","N/A","Stall no. 2, Mogpog public market, Mogpog, 4901 Marinduque, Philippines","N/A",""
"MotoCrush Helmet and Apparels","0968 554 2772","FVG6+MCG, Mogpog, Marinduque, Philippines","N/A",""
"Labao Store","0970 825 7493","Banto, Mogpog, 4901 Marinduque, Philippines","N/A",""
"Sarang-Jin Minimart","0919 249 2905","Yakal St, Mogpog, 4901 Marinduque, Philippines","N/A",""
"JN'M Consumer Goods Store","0930 791 9286","Sitio Embargo, Mogpog, Marinduque, Philippines","N/A",""
"Japan Store O Share Marinduque","N/A","003 Monserat St, Mogpog, Marinduque, Philippines","N/A",""
"AJ&A CHOCO HUB [20 from Shops query]","0946 620 4814","FVF6+V4G, Doña Aurora St, Mogpog, Marinduque, Philippines","N/A",""
"Dakero Dry Goods Store [12 from Supermarkets query]","0921 208 8801","Market Site, Poblacion, Mogpog, Marinduque, Philippines","N/A",""
"Ronald & Rochelle Vegetable and Sari-sari Store [14 from Supermarkets query]","N/A","FVF5+QPJ, Mendez St, Mogpog, Marinduque, Philippines","N/A",""
"TAKOYAKI PRINCE [16 from Supermarkets query]","0951 397 5355","021 Bonifacio St, Mogpog, Marinduque, Philippines","N/A",""
"EMILY'S SARI SARI STORE [20 from Supermarkets query]","N/A","GV64+JRM Ino, Mogpog, Marinduque, Philippines","N/A",""
"GPOD","Check Map Link","Mogpog, Marinduque","N/A","https://maps.google.com/?cid=16706738488402492376"
"MELCHI PAWNSHOP (Mogpog Branch)","Check Map Link","Mogpog, Marinduque","N/A","https://maps.google.com/?cid=1125327035099958255"
"MharketPlace DGS","Check Map Link","Mogpog, Marinduque","N/A","https://maps.google.com/?cid=2075264996102685857"
"STOP N SHOP gen. merchandise","Check Map Link","Mogpog, Marinduque","N/A","https://maps.google.com/?cid=12812029300564163802"
"AJ&A CHOCO HUB","Check Map Link","Mogpog, Marinduque","N/A","https://maps.google.com/?cid=3189195200765934529"
"Dakero Dry Goods Store","Check Map Link","Mogpog, Marinduque","N/A","https://maps.google.com/?cid=13634481766602004233"
"TAKOYAKI PRINCE","Check Map Link","Mogpog, Marinduque","N/A","https://maps.google.com/?cid=5536584601998250161"
"EMILY'S SARI SARI STORE","Check Map Link","Mogpog, Marinduque","N/A","https://maps.google.com/?cid=2813370203861509840"
"Ronald & Rochelle Vegetable and Sari-sari Store","Check Map Link","Mogpog, Marinduque","N/A","https://maps.google.com/?cid=8093513866746206154"
"Card Bank-Mogpog Branch","(042) 332 3079","Market Site, Mogpog, Marinduque, FVF5+5WQ, Mogpog, Marinduque, Philippines","Not available",""
"M Lhuillier - Mogpog","0947 999 0337","Quezon St, Mogpog, Marinduque, Philippines","Not available",""
"RCBC ATM - Sta. Cruz City Hall","Check Map Link","Mogpog, Marinduque","N/A","https://maps.google.com/?cid=13517515172785673726"
"Landbank ATM","Check Map Link","Mogpog, Marinduque","N/A","https://maps.google.com/?cid=17207511732387829884"
"DIANNE CARLO GENERAL MERCHANDISE","Check Map Link","Mogpog, Marinduque","N/A","https://maps.google.com/?cid=582950737390748093"
"Mogpog Health Center","N/A","FVF6+J89, Mogpog, Marinduque, Philippines","N/A",""
"Chua Dental Clinic II (Mogpog Branch)","0977 615 2092","T.E, R.A Bldg, Mendez St, Gitnang Bayan, Mogpog, 4901 Marinduque, Philippines","N/A",""
"Mogpog Birthing Facility","N/A","FVF6+J7H, Doña Aurora St, Mogpog, Marinduque, Philippines","N/A",""
"RN Dental Clinic","0939 742 1993","022 J.P, Rizal St, Mogpog, Marinduque, Philippines","N/A",""
"Family Optical Clinic","0927 614 6372","2nd floor, Mogpog Public Market, Market Site, Mogpog, Marinduque, Philippines","N/A",""
"Dr. Ana Michelle Leal","(042) 332 2534","063 Quezon St, Mogpog, Marinduque, Philippines","N/A",""
"RN Dental CClinic","Check Map Link","Mogpog, Marinduque","N/A","https://maps.google.com/?cid=2262025192992795582"
"Sayao Health Center","Check Map Link","Mogpog, Marinduque","N/A","https://maps.google.com/?cid=16210529528025720762"
"Mongpong Barangay Health Station","Check Map Link","Mogpog, Marinduque","N/A","https://maps.google.com/?cid=18183533150396777313"
"Mogpog Municipal Hall","N/A","Paras St, Mogpog, Marinduque, Philippines","N/A",""
"Mogpog Municipal Agriculture Office (MAO)","N/A","FVF6+M59, Mogpog, Marinduque, Philippines","N/A",""
"Mogpog Fire Station","0939 547 3111","FVF6+H4R, Mogpog, Marinduque, Philippines","N/A",""
"OSCA Office, Mogpog","N/A","FVF6+W32, Doña Aurora St, Mogpog, Marinduque, Philippines","N/A",""
"Mogpog Municipal Police Station","0935 335 4190","Malvar St, Mogpog, Marinduque, Philippines","N/A",""
"Bureau of Agricultural Statistics Marinduque POC","N/A","FVC7+M8C, Mogpog, Marinduque, Philippines","N/A",""
"Mogpog Tech4ed Center","N/A","FVF6+H6X, Mogpog, Marinduque, Philippines","N/A",""
"Department of Agrarian Reform Municipal Office - Boac and Mogpog","N/A","FR4Q+G94, Boac, Marinduque, Philippines","N/A",""
"Mogpog Central School","N/A","FVF6+769, Gitnang Bayan, Mogpog, Marinduque, Philippines","N/A",""
"Mogpog National Comprehensive High School","0908 913 2595","GV24+XMP, Mogpog, 4901 Marinduque, Philippines","N/A",""
"MOGPOG INTERNATIONAL CULINARY SCHOOL INC.","0908 692 2207","Mogpog, Marinduque, Philippines","N/A",""
"Mendez Elementary School","N/A","Mogpog, Marinduque, Philippines","N/A",""
"Tarug Elementary School","N/A","FWWH+QWW, Purok 6, Mogpog, Marinduque, Philippines","N/A",""
"Balanacan National High School","N/A","GVH9+3C8, Mogpog, Marinduque, Philippines","N/A",""
"Ino Elementary School","0918 642 8537","GV65+FQR, Mogpog, 4901 Marinduque, Philippines","N/A",""
"Paye Elementary School","N/A","GVJX+MX2, Mogpog, Marinduque, Philippines","N/A",""
"Magapua Elementary School","N/A","FVFQ+J3R, Mogpog, Marinduque, Philippines","N/A",""
"Bocboc Elementary School","N/A","Bocboc, FVF6+QHC, Mogpog, Marinduque, Philippines","N/A",""
"Barangay Multi Purpose Hall","Check Map Link","Mogpog, Marinduque","N/A","https://maps.google.com/?cid=6677717783497452210"
"Malindig Institute","Check Map Link","Mogpog, Marinduque","N/A","https://maps.google.com/?cid=18024887808590722190"
"Sumangga Elementary School","Check Map Link","Mogpog, Marinduque","N/A","https://maps.google.com/?cid=15907805925812483527"
"D-ONE Store","Grocery Store","0963 327 4528","Oriental, Napo, Santa Cruz, 4902 Marinduque, Philippines",""
"Vincent Trading","Grocery Store","N/A","F2GH+V99, Santa Cruz, Marinduque, Philippines",""
"BAKALA","Grocery Store","N/A","155 Tavera street, Corner T Claudio, Brgy. Pag-asa, Santa Cruz, 4902 Marinduque, Philippines",""
"Ramyeon Stop Korean Food Mart","Asian Grocery Store","0961 570 1833","Reynoso, Santa Cruz, Marinduque, Philippines",""
"Rejano's Bakery","Bakery/Shop","(02) 8647 0350","Barangay Banahaw, Santa Cruz, 4902, Marinduque, Santa Cruz, Marinduque, Philippines",""
"Alex SariSari Store","Grocery Store","N/A","61 Sitio Sta. Ana Brgy, Santa Cruz, Marinduque, Philippines",""
"Susana Store","Grocery Store","N/A","386 Tavera, Santa Cruz, Marinduque, Philippines",""
"R & M Gen. Merchandise","Retail Store/Mall","N/A","CXQR+9CX, Santa Cruz, Marinduque, Philippines",""
"Irene’s Brilliant Store Sta.Cruz Branch","Retail Store","0977 801 4610","Reforma, Santa Cruz, 4902 Marinduque, Philippines",""
"STOshopstore","Clothing Store","0956 281 3331","Kilo-kilo, Santa Cruz, 4902 Marinduque, Philippines",""
"A-Risha General Merchandise - Sta Cruz Branch","Home Goods Store","N/A","F2HJ+25X, Santa Cruz, Marinduque, Philippines",""
"Super Malou Sari-Sari Store","Sari-Sari Store","N/A","C3PF+RX4, Santa Cruz, Marinduque, Philippines",""
"Vape station sta cruz by bantad","Retail Store (Vape Shop)","N/A","Bagong - silang, sta cruz marinduque, Santa Cruz, Marinduque, Philippines",""
"Diosel and Ella Mae general merchandise","Convenience Store","N/A","088 T Claudio, Santa Cruz, Marinduque, Philippines",""
"Hikaw Small store","Retail Store","0981 237 6007","Mabini, pag-asa, Sta.Cruz, 4902 Marinduque, Philippines",""
"A&J Sari-sari Store","Sari-Sari Store","0967 336 0982","FXM9+VM7, Santa Cruz, Marinduque, Philippines",""
"Dalisay Antonio Glassware Store","Retail Store (Glassware)","0927 858 3180","Stall 23 Bldg. 1, Brgy, New Public Market, Santa Cruz, 4902 Marinduque, Philippines",""
"Sofia Conde Dry Goods","Retail Store (Dry Goods)","0970 479 1292","19, Public Market, Santa Cruz, Marinduque, Philippines",""
"Roby’s Bakeshoppe","Bakery/Shop","N/A","F2GH+P4W, Santa Cruz, Marinduque, Philippines",""
"J's vape shop","Retail Store (Vape Shop)","0977 614 1725","F2GH+MV9 Bgry. Maharlika, Dewey, 172, Santa Cruz, Marinduque, Philippines",""
"Torrijos Public Market","Check Map Link","Santa Cruz, Marinduque","N/A","https://maps.google.com/?cid=3206997784267552530"
"Shopee Xpress Marinduque","Check Map Link","Santa Cruz, Marinduque","N/A","https://maps.google.com/?cid=5220301407722365464"
"Cebuana Lhuillier Pawnshop - Sta Cruz Marinduque","Check Map Link","Santa Cruz, Marinduque","N/A","https://maps.google.com/?cid=17714621636076978490"
"Print Xpress Santa Cruz Marinduque","Check Map Link","Santa Cruz, Marinduque","N/A","https://maps.google.com/?cid=15237590710188953806"